Workbook

Sheet Inputs
A1: Slip-Cast Transverse Flute Family Inputs
A2: Generated | B2: 2026-05-02
A3: Source basis | B3: Open-open flute model adapted from Tony's Flutes-AI.xlsx Irish Flute sheet
A5: A4_Hz | B5: 440
A6: speed_of_sound_in_per_s_68F | B6: 13552
A7: shrink_x_initial | B7: 0.12 | C7: X axis = bore length and hole stations
A8: shrink_y_initial | B8: 0.12 | C8: Y axis = side-to-side bore/OD and hole width
A9: shrink_z_initial | B9: 0.12 | C9: Z axis = vertical OD/wall/ovalization
A10: round2_rule | B10: new_master_axis = old_master_axis * target_fired_axis / measured_fired_axis

Sheet Fired Targets
A1: instrument_id | B1: variant | C1: key | D1: midi | E1: fundamental_hz | F1: bore_id_fired_in | G1: wall_fired_in | H1: od_fired_in | I1: acoustic_length_in | J1: end_correction_total_in | K1: sounding_length_in | L1: head_margin_in | M1: foot_trim_band_in | N1: pretrim_overall_fired_in | O1: embouchure_x_len_fired_in | P1: embouchure_y_width_fired_in
A2: SCF-D4-01 | B2: Low D reference | C2: D4 | D2: 62 | E2: =Inputs!$B$5*2^((D2-69)/12) | F2: 0.748 | G2: 0.14 | H2: =F2+2*G2 | I2: =Inputs!$B$6/(2*E2) | J2: =0.6*F2 | K2: =I2-J2 | L2: =1.5*F2 | M2: 0.5 | N2: =K2+L2+M2 | O2: =0.63*F2 | P2: =0.52*F2
A3: SCF-F4-01 | B3: F middle | C3: F4 | D3: 65 | E3: =Inputs!$B$5*2^((D3-69)/12) | F3: 0.669 | G3: 0.135 | H3: =F3+2*G3 | I3: =Inputs!$B$6/(2*E3) | J3: =0.6*F3 | K3: =I3-J3 | L3: =1.5*F3 | M3: 0.5 | N3: =K3+L3+M3 | O3: =0.63*F3 | P3: =0.52*F3
A4: SCF-G4-01 | B4: G middle | C4: G4 | D4: 67 | E4: =Inputs!$B$5*2^((D4-69)/12) | F4: 0.669 | G4: 0.13 | H4: =F4+2*G4 | I4: =Inputs!$B$6/(2*E4) | J4: =0.6*F4 | K4: =I4-J4 | L4: =1.5*F4 | M4: 0.5 | N4: =K4+L4+M4 | O4: =0.63*F4 | P4: =0.52*F4
A5: SCF-A4-01 | B5: A small alto | C5: A4 | D5: 69 | E5: =Inputs!$B$5*2^((D5-69)/12) | F5: 0.591 | G5: 0.125 | H5: =F5+2*G5 | I5: =Inputs!$B$6/(2*E5) | J5: =0.6*F5 | K5: =I5-J5 | L5: =1.5*F5 | M5: 0.5 | N5: =K5+L5+M5 | O5: =0.63*F5 | P5: =0.52*F5
A6: SCF-C5-01 | B6: C soprano | C6: C5 | D6: 72 | E6: =Inputs!$B$5*2^((D6-69)/12) | F6: 0.512 | G6: 0.115 | H6: =F6+2*G6 | I6: =Inputs!$B$6/(2*E6) | J6: =0.6*F6 | K6: =I6-J6 | L6: =1.5*F6 | M6: 0.5 | N6: =K6+L6+M6 | O6: =0.63*F6 | P6: =0.52*F6

Sheet Master Scale
A1: instrument_id | B1: master_overall_x_in | C1: master_bore_y_in | D1: master_od_y_in | E1: master_od_z_in | F1: master_emb_x_in | G1: master_emb_y_in | H1: formula_note
A2: SCF-D4-01 | B2: ='Fired Targets'!N2/(1-Inputs!$B$7) | C2: ='Fired Targets'!F2/(1-Inputs!$B$8) | D2: ='Fired Targets'!H2/(1-Inputs!$B$8) | E2: ='Fired Targets'!H2/(1-Inputs!$B$9) | F2: ='Fired Targets'!O2/(1-Inputs!$B$7) | G2: ='Fired Targets'!P2/(1-Inputs!$B$8) | H2: Update Inputs B7:B9 after Round 1 measurement.
A3: SCF-F4-01 | B3: ='Fired Targets'!N3/(1-Inputs!$B$7) | C3: ='Fired Targets'!F3/(1-Inputs!$B$8) | D3: ='Fired Targets'!H3/(1-Inputs!$B$8) | E3: ='Fired Targets'!H3/(1-Inputs!$B$9) | F3: ='Fired Targets'!O3/(1-Inputs!$B$7) | G3: ='Fired Targets'!P3/(1-Inputs!$B$8) | H3: Update Inputs B7:B9 after Round 1 measurement.
A4: SCF-G4-01 | B4: ='Fired Targets'!N4/(1-Inputs!$B$7) | C4: ='Fired Targets'!F4/(1-Inputs!$B$8) | D4: ='Fired Targets'!H4/(1-Inputs!$B$8) | E4: ='Fired Targets'!H4/(1-Inputs!$B$9) | F4: ='Fired Targets'!O4/(1-Inputs!$B$7) | G4: ='Fired Targets'!P4/(1-Inputs!$B$8) | H4: Update Inputs B7:B9 after Round 1 measurement.
A5: SCF-A4-01 | B5: ='Fired Targets'!N5/(1-Inputs!$B$7) | C5: ='Fired Targets'!F5/(1-Inputs!$B$8) | D5: ='Fired Targets'!H5/(1-Inputs!$B$8) | E5: ='Fired Targets'!H5/(1-Inputs!$B$9) | F5: ='Fired Targets'!O5/(1-Inputs!$B$7) | G5: ='Fired Targets'!P5/(1-Inputs!$B$8) | H5: Update Inputs B7:B9 after Round 1 measurement.
A6: SCF-C5-01 | B6: ='Fired Targets'!N6/(1-Inputs!$B$7) | C6: ='Fired Targets'!F6/(1-Inputs!$B$8) | D6: ='Fired Targets'!H6/(1-Inputs!$B$8) | E6: ='Fired Targets'!H6/(1-Inputs!$B$9) | F6: ='Fired Targets'!O6/(1-Inputs!$B$7) | G6: ='Fired Targets'!P6/(1-Inputs!$B$8) | H6: Update Inputs B7:B9 after Round 1 measurement.

Sheet Hole Schedule
A1: instrument_id | B1: key | C1: hole_no | D1: interval | E1: target_note | F1: target_frequency_hz | G1: fired_center_from_foot_in | H1: fired_center_from_head_in | I1: fired_hole_diameter_in | J1: leather_hard_pilot_dia_in_85pct | K1: notes
A2: SCF-D4-01 | B2: D4 | C2: 1 | D2: 2 | E2: E4 | F2: 329.628 | G2: 20.557 | H2: 3.191 | I2: 0.254 | J2: 0.246 | K2: First-pass station; cut undersize and tune after bisque.
A3: SCF-D4-01 | B3: D4 | C3: 2 | D3: 4 | E3: Gb4 | F3: 369.994 | G3: 18.314 | H3: 5.433 | I3: 0.269 | J3: 0.26 | K3: First-pass station; cut undersize and tune after bisque.
A4: SCF-D4-01 | B4: D4 | C4: 3 | D4: 5 | E4: G4 | F4: 391.995 | G4: 17.286 | H4: 6.461 | I4: 0.284 | J4: 0.275 | K4: First-pass station; cut undersize and tune after bisque.
A5: SCF-D4-01 | B5: D4 | C5: 4 | D5: 7 | E5: A4 | F5: 440 | G5: 15.4 | H5: 8.347 | I5: 0.299 | J5: 0.289 | K5: First-pass station; cut undersize and tune after bisque.
A6: SCF-D4-01 | B6: D4 | C6: 5 | D6: 9 | E6: B4 | F6: 493.883 | G6: 13.72 | H6: 10.027 | I6: 0.322 | J6: 0.311 | K6: First-pass station; cut undersize and tune after bisque.
A7: SCF-D4-01 | B7: D4 | C7: 6 | D7: 11 | E7: Db5 | F7: 554.365 | G7: 12.223 | H7: 11.524 | I7: 0.344 | J7: 0.332 | K7: First-pass station; cut undersize and tune after bisque.
A8: SCF-F4-01 | B8: F4 | C8: 1 | D8: 2 | E8: G4 | F8: 391.995 | G8: 17.286 | H8: 2.719 | I8: 0.227 | J8: 0.22 | K8: First-pass station; cut undersize and tune after bisque.
A9: SCF-F4-01 | B9: F4 | C9: 2 | D9: 4 | E9: A4 | F9: 440 | G9: 15.4 | H9: 4.605 | I9: 0.241 | J9: 0.233 | K9: First-pass station; cut undersize and tune after bisque.
A10: SCF-F4-01 | B10: F4 | C10: 3 | D10: 5 | E10: Bb4 | F10: 466.164 | G10: 14.536 | H10: 5.469 | I10: 0.254 | J10: 0.246 | K10: First-pass station; cut undersize and tune after bisque.
A11: SCF-F4-01 | B11: F4 | C11: 4 | D11: 7 | E11: C5 | F11: 523.251 | G11: 12.95 | H11: 7.055 | I11: 0.268 | J11: 0.258 | K11: First-pass station; cut undersize and tune after bisque.
A12: SCF-F4-01 | B12: F4 | C12: 5 | D12: 9 | E12: D5 | F12: 587.33 | G12: 11.537 | H12: 8.468 | I12: 0.288 | J12: 0.278 | K12: First-pass station; cut undersize and tune after bisque.
A13: SCF-F4-01 | B13: F4 | C13: 6 | D13: 11 | E13: E5 | F13: 659.255 | G13: 10.278 | H13: 9.727 | I13: 0.308 | J13: 0.297 | K13: First-pass station; cut undersize and tune after bisque.
... A31: SCF-C5-01 | B31: C5 | C31: 6 | D31: 11 | E31: B5 | F31: 987.767 | G31: 6.86 | H31: 6.551 | I31: 0.236 | J31: 0.227 | K31: First-pass station; cut undersize and tune after bisque.

Sheet DoE Matrix
A1: run_id | B1: phase | C1: instrument_id | D1: clay_body | E1: wall_target | F1: bore_profile | G1: embouchure_geometry | H1: mold_orientation | I1: replicate | J1: primary_response | K1: decision_rule
A2: SCF-R1-01 | B2: Round 1 screening | C2: SCF-D4-01 | D2: Cone 6 stoneware | E2: thin drain | F2: cylindrical | G2: round/standard oval | H2: horizontal drain | I2: screening | J2: X/Y/Z shrink, playable response, cents error | K2: Keep if no cracks, first octave speaks, median cents abs <= 35 after bisque tune.
A3: SCF-R1-02 | B3: Round 1 screening | C3: SCF-D4-01 | D3: Cone 6 stoneware | E3: nominal drain | F3: mild taper | G3: long oval | H3: vertical drain | I3: screening | J3: X/Y/Z shrink, playable response, cents error | K3: Keep if no cracks, first octave speaks, median cents abs <= 35 after bisque tune.
A4: SCF-R1-03 | B4: Round 1 screening | C4: SCF-D4-01 | D4: Cone 6 stoneware | E4: thick drain | F4: cylindrical | G4: round/standard oval | H4: horizontal drain | I4: screening | J4: X/Y/Z shrink, playable response, cents error | K4: Keep if no cracks, first octave speaks, median cents abs <= 35 after bisque tune.
A5: SCF-R1-04 | B5: Round 1 screening | C5: SCF-D4-01 | D5: Cone 6 porcelain | E5: thin drain | F5: mild taper | G5: round/standard oval | H5: vertical drain | I5: screening | J5: X/Y/Z shrink, playable response, cents error | K5: Keep if no cracks, first octave speaks, median cents abs <= 35 after bisque tune.
A6: SCF-R1-05 | B6: Round 1 screening | C6: SCF-D4-01 | D6: Cone 6 porcelain | E6: nominal drain | F6: cylindrical | G6: long oval | H6: horizontal drain | I6: screening | J6: X/Y/Z shrink, playable response, cents error | K6: Keep if no cracks, first octave speaks, median cents abs <= 35 after bisque tune.
A7: SCF-R1-06 | B7: Round 1 screening | C7: SCF-D4-01 | D7: Cone 6 porcelain | E7: thick drain | F7: mild taper | G7: round/standard oval | H7: vertical drain | I7: screening | J7: X/Y/Z shrink, playable response, cents error | K7: Keep if no cracks, first octave speaks, median cents abs <= 35 after bisque tune.
A8: SCF-R1-07 | B8: Round 1 screening | C8: SCF-G4-01 | D8: Cone 6 stoneware | E8: thin drain | F8: mild taper | G8: long oval | H8: horizontal drain | I8: screening | J8: X/Y/Z shrink, playable response, cents error | K8: Keep if no cracks, first octave speaks, median cents abs <= 35 after bisque tune.
A9: SCF-R1-08 | B9: Round 1 screening | C9: SCF-G4-01 | D9: Cone 6 stoneware | E9: nominal drain | F9: cylindrical | G9: round/standard oval | H9: vertical drain | I9: screening | J9: X/Y/Z shrink, playable response, cents error | K9: Keep if no cracks, first octave speaks, median cents abs <= 35 after bisque tune.
A10: SCF-R1-09 | B10: Round 1 screening | C10: SCF-G4-01 | D10: Cone 6 stoneware | E10: thick drain | F10: mild taper | G10: long oval | H10: horizontal drain | I10: screening | J10: X/Y/Z shrink, playable response, cents error | K10: Keep if no cracks, first octave speaks, median cents abs <= 35 after bisque tune.
A11: SCF-R1-10 | B11: Round 1 screening | C11: SCF-G4-01 | D11: Cone 6 porcelain | E11: thin drain | F11: cylindrical | G11: long oval | H11: vertical drain | I11: screening | J11: X/Y/Z shrink, playable response, cents error | K11: Keep if no cracks, first octave speaks, median cents abs <= 35 after bisque tune.
A12: SCF-R1-11 | B12: Round 1 screening | C12: SCF-G4-01 | D12: Cone 6 porcelain | E12: nominal drain | F12: mild taper | G12: round/standard oval | H12: horizontal drain | I12: screening | J12: X/Y/Z shrink, playable response, cents error | K12: Keep if no cracks, first octave speaks, median cents abs <= 35 after bisque tune.
... A21: SCF-R1-FAM-A4 | B21: Round 1 family check | C21: SCF-A4-01 | D21: Best available from early screening | E21: nominal drain | F21: winner or cylindrical fallback | G21: winner or standard oval fallback | H21: winner or horizontal drain fallback | I21: family fill-in | J21: Interpolation across family range | K21: Use to test whether shrink model interpolates between G4/C5.

Sheet Measurements
A1: build_id | B1: instrument_id | C1: material_batch | D1: mold_id | E1: axis | F1: feature | G1: master_target_in | H1: master_measured_in | I1: wet_green_measured_in | J1: bone_dry_measured_in | K1: bisque_measured_in | L1: glaze_measured_in | M1: observed_total_shrink | N1: round2_scale_multiplier | O1: target_frequency_hz | P1: measured_frequency_hz | Q1: cents_error | R1: notes
A2: SCF-R1-01-A | B2: SCF-D4-01 | E2: X | F2: overall_length | M2: =IF(OR(H2="",L2=""),"",1-L2/H2) | N2: =IF(OR(G2="",L2=""),"",G2/L2) | Q2: =IF(OR(O2="",P2=""),"",1200*LOG(P2/O2,2)) | R2: Duplicate rows for each feature/axis/note.

Sheet Shrink Fit
A1: axis | B1: initial_assumed_shrink | C1: measured_mean_shrink | D1: measured_std_dev | E1: recommended_round2_shrink | F1: apply_to_features | G1: notes
A2: X length | B2: 0.12 | E2: =IF(C2="",B2,C2) | F2: overall length, hole station X, embouchure station X | G2: Separate D4/G4/C5 if shrink depends on length or mold orientation.
A3: Y width | B3: 0.12 | E3: =IF(C3="",B3,C3) | F3: bore ID Y, OD Y, horizontal hole/embouchure dimensions | G3: Use bore rings to separate shrink from wall buildup.
A4: Z height | B4: 0.12 | E4: =IF(C4="",B4,C4) | F4: OD Z, wall thickness, vertical hole/embouchure dimensions | G4: Watch sag/ovalization separately from true shrink.
